{"cameraMode":{"drawMode":0,"name":"Shaded","section":"Shading Mode"},"sceneLighting":false,"audioPlay":false,"sceneViewState":{"showFog":true,"showMaterialUpdate":false,"showSkybox":false,"showFlares":true,"showImageEffects":true,"showParticleSystems":true},"in2DMode":false,"pivot":{"x":-2.0,"y":0.3819999694824219,"z":1.0499999523162842},"rotation":{"x":0.2868713438510895,"y":0.015805581584572793,"z":-0.004733806475996971,"w":0.957827091217041},"size":0.17320507764816285,"orthographic":false}