{"cameraMode":{"drawMode":0,"name":"Shaded","section":"Shading Mode"},"sceneLighting":false,"audioPlay":false,"sceneViewState":{"showFog":true,"showMaterialUpdate":true,"showSkybox":false,"showFlares":true,"showImageEffects":true,"showParticleSystems":true},"in2DMode":false,"pivot":{"x":-66.25824737548828,"y":4.097373962402344,"z":-16.64165496826172},"rotation":{"x":0.027573177590966226,"y":-0.9715574979782105,"z":0.18584296107292176,"w":0.14415118098258973},"size":24.189367294311525,"orthographic":false}