{"cameraMode":{"drawMode":0,"name":"Shaded","section":"Shading Mode"},"sceneLighting":false,"audioPlay":false,"sceneViewState":{"showFog":true,"showMaterialUpdate":false,"showSkybox":false,"showFlares":true,"showImageEffects":true,"showParticleSystems":true},"in2DMode":false,"pivot":{"x":-79.60053253173828,"y":0.8015627861022949,"z":-0.8849004507064819},"rotation":{"x":0.24953624606132508,"y":0.45799610018730166,"z":-0.13567492365837098,"w":0.8423559069633484},"size":2.6675143241882326,"orthographic":false}