{"cameraMode":{"drawMode":0,"name":"Shaded","section":"Shading Mode"},"sceneLighting":false,"audioPlay":false,"sceneViewState":{"showFog":true,"showMaterialUpdate":true,"showSkybox":false,"showFlares":true,"showImageEffects":true,"showParticleSystems":true},"in2DMode":false,"pivot":{"x":-31.8929443359375,"y":-2.0999488830566408,"z":-17.99057388305664},"rotation":{"x":-0.02220728062093258,"y":-0.9648938179016113,"z":0.24689219892024995,"w":-0.08678712695837021},"size":34.39971160888672,"orthographic":false}