{"cameraMode":{"drawMode":0,"name":"Shaded","section":"Shading Mode"},"sceneLighting":false,"audioPlay":false,"sceneViewState":{"showFog":true,"showMaterialUpdate":true,"showSkybox":false,"showFlares":true,"showImageEffects":true,"showParticleSystems":true},"in2DMode":false,"pivot":{"x":-43.91019821166992,"y":-0.5473670959472656,"z":1.661783218383789},"rotation":{"x":0.07943660765886307,"y":-0.9203672409057617,"z":0.26067498326301577,"w":0.28046974539756777},"size":20.186199188232423,"orthographic":false}