{"cameraMode":{"drawMode":0,"name":"Shaded","section":"Shading Mode"},"sceneLighting":false,"audioPlay":false,"sceneViewState":{"showFog":true,"showMaterialUpdate":true,"showSkybox":false,"showFlares":true,"showImageEffects":true,"showParticleSystems":true},"in2DMode":false,"pivot":{"x":-31.99585723876953,"y":8.15489673614502,"z":2.7905712127685549},"rotation":{"x":0.10288405418395996,"y":-0.8739417791366577,"z":0.4254010319709778,"w":0.21136608719825746},"size":6.0073957443237309,"orthographic":false}