{"cameraMode":{"drawMode":0,"name":"Shaded","section":"Shading Mode"},"sceneLighting":false,"audioPlay":false,"sceneViewState":{"showFog":true,"showMaterialUpdate":true,"showSkybox":false,"showFlares":true,"showImageEffects":true,"showParticleSystems":true},"in2DMode":false,"pivot":{"x":-94.32625579833985,"y":5.938844680786133,"z":3.533357620239258},"rotation":{"x":0.025947676971554757,"y":-0.971897542476654,"z":0.1949913501739502,"w":0.12933430075645448},"size":18.519447326660158,"orthographic":false}