{"cameraMode":{"drawMode":0,"name":"Shaded","section":"Shading Mode"},"sceneLighting":true,"audioPlay":false,"sceneViewState":{"showFog":true,"showMaterialUpdate":false,"showSkybox":true,"showFlares":true,"showImageEffects":true,"showParticleSystems":true},"in2DMode":false,"pivot":{"x":-4.170251846313477,"y":-4.277462959289551,"z":-5.2438225746154789},"rotation":{"x":0.07582177966833115,"y":-0.9118489623069763,"z":0.35262468457221987,"w":0.196067675948143},"size":13.977056503295899,"orthographic":false}