{"cameraMode":{"drawMode":0,"name":"Shaded","section":"Shading Mode"},"sceneLighting":false,"audioPlay":false,"sceneViewState":{"showFog":true,"showMaterialUpdate":true,"showSkybox":true,"showFlares":true,"showImageEffects":true,"showParticleSystems":true},"in2DMode":false,"pivot":{"x":-48.23648452758789,"y":2.7484617233276369,"z":0.5622153282165527},"rotation":{"x":0.009434252046048642,"y":-0.896293044090271,"z":0.4429522454738617,"w":0.019091341644525529},"size":8.500419616699219,"orthographic":false}