{"cameraMode":{"drawMode":0,"name":"Shaded","section":"Shading Mode"},"sceneLighting":false,"audioPlay":false,"sceneViewState":{"showFog":true,"showMaterialUpdate":true,"showSkybox":true,"showFlares":true,"showImageEffects":true,"showParticleSystems":true},"in2DMode":false,"pivot":{"x":-52.177001953125,"y":6.083621978759766,"z":-2.6270713806152345},"rotation":{"x":0.09848236292600632,"y":-0.896501362323761,"z":0.3513353168964386,"w":0.2512991726398468},"size":26.28767967224121,"orthographic":false}